,username,gender
0,rogers63,Female
1,mike28,Male
2,rivera92,Male
3,ross95,Male
4,paul85,Female
5,smith34,Female
6,james84,Female
7,daniel53,Male
8,brooks80,Female
9,morgan65,Female
10,sanders84,Female
11,maria40,Female
12,brown71,Male
13,james63,Male
14,jenny0993,Female
15,john96,Male
16,miller64,Male
17,mark46,Female
18,jenny0988,Female
19,mark80,Male
20,morris72,Male
21,wright39,Female
22,paul68,Male
23,smith60,Male
24,bell43,Male
25,rogers79,Female
26,daniel56,Male
27,brooks85,Female
28,mike30,Female
29,paul92,Female
30,bell96,Female
31,john8,Female
32,chrishaydon12,Male
33,morgan13,Female
34,james83,Female
35,chrishaydon8,Female
36,ross85,Male
37,ross46,Male
38,smith4,Female
39,paul4,Female
40,daniel26,Male
41,chrishaydon2,Female
42,david82,Male
43,john97,Female
44,david57,Male
45,rivera100,Male
46,bell13,Male
47,brooks65,Female
48,daniel40,Female
49,cooper100,Female
50,morris14,Female
51,smith82,Female
52,cooper35,Male
53,morgan94,Male
54,michael92,Male
55,sanders48,Female
56,brown76,Female
57,james16,Female
58,michael26,Male
59,wright57,Male
60,wright68,Female
61,brooks1,Male
62,bell2,Female
63,miller100,Male
64,rogers53,Male
65,mike1,Male
66,cooper57,Female
67,daniel38,Male
68,mark2,Female
69,daniel79,Male
70,wright4,Female
71,brown84,Male
72,paul41,Male
73,mark5,Male
74,jenny0994,Male
75,morris53,Male
76,paul68,Female
77,brooks86,Male
78,james54,Male
79,rogers58,Female
80,maria31,Male
81,david5,Male
82,mark21,Female
83,jenny0932,Female
84,john92,Male
85,rogers98,Male
86,rogers95,Female
87,james50,Male
88,miller80,Male
89,mark29,Female
90,cooper77,Male
91,john24,Male
92,chrishaydon32,Female
93,bell41,Female
94,ross99,Male
95,smith9,Male
96,miller73,Male
97,michael44,Female
98,michael36,Female
99,smith93,Female
100,morgan38,Male
101,brown70,Male
102,mike14,Male
103,daniel72,Female
104,jenny0974,Male
105,maria51,Male
106,michael97,Female
107,chrishaydon33,Male
108,sanders42,Female
109,brooks87,Male
110,bell4,Male
111,jenny0945,Male
112,james65,Female
113,john98,Male
114,paul80,Male
115,john92,Female
116,wright69,Male
117,bell68,Female
118,brooks97,Male
119,mark14,Female
120,david60,Female
121,rivera68,Female
122,brooks32,Male
123,brown15,Female
124,bell88,Male
125,john26,Female
126,paul55,Male
127,david59,Male
128,morris73,Male
129,michael77,Female
130,mark5,Male
131,james65,Male
132,maria39,Female
133,michael37,Female
134,sanders1,Female
135,daniel30,Female
136,brown53,Male
137,john52,Female
138,wright73,Male
139,mark63,Female
140,james29,Male
141,mark23,Male
142,cooper22,Male
143,miller19,Male
144,jenny0913,Female
145,maria100,Male
146,chrishaydon51,Male
147,david9,Male
148,mike52,Male
149,wright5,Female
150,brown21,Female
151,daniel46,Female
152,brown86,Female
153,chrishaydon85,Male
154,john41,Male
155,mark72,Female
156,michael67,Male
157,jenny0943,Male
158,daniel61,Male
159,morgan34,Female
160,jenny097,Female
161,miller11,Female
162,daniel99,Female
163,miller20,Male
164,sanders29,Female
165,mark43,Male
166,james86,Male
167,chrishaydon74,Male
168,brooks37,Female
169,michael78,Female
170,paul9,Male
171,james57,Female
172,mark91,Male
173,wright30,Male
174,rogers97,Male
175,daniel8,Male
176,mark66,Male
177,daniel6,Male
178,bell72,Male
179,morgan77,Female
180,bell24,Male
181,michael31,Female
182,cooper98,Female
183,daniel41,Female
